interval_id,cluster_id,weight,inst_begin,inst_end,sim_id,sim_warmup,sim_inst,total_inst
221,6,0.0174027,22000000000,22200000000,0,100000000,200000000,927879940146
538,4,0.0528606,53700000000,53900000000,1,100000000,200000000,927879940146
692,11,0.00848379,69100000000,69300000000,2,100000000,200000000,927879940146
693,17,0.0121819,69200000000,69400000000,3,100000000,200000000,927879940146
804,14,0.0439417,80300000000,80500000000,4,100000000,200000000,927879940146
1107,12,0.0569937,110600000000,110800000000,5,100000000,200000000,927879940146
1469,2,0.0286056,146800000000,147000000000,6,100000000,200000000,927879940146
1590,7,0.0236023,158900000000,159100000000,7,100000000,200000000,927879940146
1994,27,0.0509028,199300000000,199500000000,8,100000000,200000000,927879940146
2027,0,0.0168588,202600000000,202800000000,9,100000000,200000000,927879940146
2896,3,0.0121819,289500000000,289700000000,10,100000000,200000000,927879940146
2946,26,0.0484011,294500000000,294700000000,11,100000000,200000000,927879940146
3842,22,0.0814662,384100000000,384300000000,12,100000000,200000000,927879940146
4238,8,0.0106591,423700000000,423900000000,13,100000000,200000000,927879940146
4772,18,0.0349141,477100000000,477300000000,14,100000000,200000000,927879940146
5216,20,0.00772243,521500000000,521700000000,15,100000000,200000000,927879940146
5220,10,0.0138134,521900000000,522100000000,16,100000000,200000000,927879940146
5337,5,0.0230585,533600000000,533800000000,17,100000000,200000000,927879940146
5415,13,0.0470959,541400000000,541600000000,18,100000000,200000000,927879940146
6314,19,0.00891886,631300000000,631500000000,19,100000000,200000000,927879940146
6667,15,0.0122906,666600000000,666800000000,20,100000000,200000000,927879940146
6693,21,0.0385034,669200000000,669400000000,21,100000000,200000000,927879940146
7221,23,0.0146835,722000000000,722200000000,22,100000000,200000000,927879940146
7388,16,0.0850555,738700000000,738900000000,23,100000000,200000000,927879940146
7685,1,0.0764629,768400000000,768600000000,24,100000000,200000000,927879940146
8294,24,0.0823363,829300000000,829500000000,25,100000000,200000000,927879940146
8686,9,0.0488362,868500000000,868700000000,26,100000000,200000000,927879940146
8993,25,0.0417664,899200000000,899400000000,27,100000000,200000000,927879940146
