interval_id,cluster_id,weight,inst_begin,inst_end,sim_id,sim_warmup,sim_inst,total_inst
223,13,0.0418446,22200000000,22400000000,0,100000000,200000000,235618057442
248,8,0.0401366,24700000000,24900000000,1,100000000,200000000,235618057442
357,12,0.0499573,35600000000,35800000000,2,100000000,200000000,235618057442
620,9,0.0700256,61900000000,62100000000,3,100000000,200000000,235618057442
654,6,0.0157985,65300000000,65500000000,4,100000000,200000000,235618057442
798,23,0.00853971,79700000000,79900000000,5,100000000,200000000,235618057442
878,3,0.0824082,87700000000,87900000000,6,100000000,200000000,235618057442
907,19,0.0328779,90600000000,90800000000,7,100000000,200000000,235618057442
960,18,0.0328779,95900000000,96100000000,8,100000000,200000000,235618057442
999,5,0.0473954,99800000000,100000000000,9,100000000,200000000,235618057442
1172,2,0.0431255,117100000000,117300000000,10,100000000,200000000,235618057442
1234,7,0.0781383,123300000000,123500000000,11,100000000,200000000,235618057442
1346,10,0.0256191,134500000000,134700000000,12,100000000,200000000,235618057442
1625,20,0.0337319,162400000000,162600000000,13,100000000,200000000,235618057442
1704,0,0.0328779,170300000000,170500000000,14,100000000,200000000,235618057442
1808,1,0.0145175,180700000000,180900000000,15,100000000,200000000,235618057442
1988,11,0.0439795,198700000000,198900000000,16,100000000,200000000,235618057442
2042,16,0.0277541,204100000000,204300000000,17,100000000,200000000,235618057442
2140,14,0.101196,213900000000,214100000000,18,100000000,200000000,235618057442
2148,17,0.0422716,214700000000,214900000000,19,100000000,200000000,235618057442
2166,22,0.0380017,216500000000,216700000000,20,100000000,200000000,235618057442
2170,4,0.0196413,216900000000,217100000000,21,100000000,200000000,235618057442
2280,15,0.029889,227900000000,228100000000,22,100000000,200000000,235618057442
2288,21,0.0473954,228700000000,228900000000,23,100000000,200000000,235618057442
