interval_id,cluster_id,weight,inst_begin,inst_end,sim_id,sim_warmup,sim_inst,total_inst
11,11,0.00638907,1000000000,1200000000,0,100000000,200000000,913304405504
174,22,0.00881251,17300000000,17500000000,1,100000000,200000000,913304405504
856,25,0.0525446,85500000000,85700000000,2,100000000,200000000,913304405504
909,5,0.0242344,90800000000,91000000000,3,100000000,200000000,913304405504
914,12,0.0518837,91300000000,91500000000,4,100000000,200000000,913304405504
1141,14,0.0597048,114000000000,114200000000,5,100000000,200000000,913304405504
1477,7,0.0389954,147600000000,147800000000,6,100000000,200000000,913304405504
2042,4,0.060586,204100000000,204300000000,7,100000000,200000000,913304405504
2209,21,0.0155321,220800000000,221000000000,8,100000000,200000000,913304405504
2649,16,0.038004,264800000000,265000000000,9,100000000,200000000,913304405504
2762,6,0.0492399,276100000000,276300000000,10,100000000,200000000,913304405504
2785,0,0.0516634,278400000000,278600000000,11,100000000,200000000,913304405504
2858,20,0.039436,285700000000,285900000000,12,100000000,200000000,913304405504
3666,18,0.0188367,366500000000,366700000000,13,100000000,200000000,913304405504
4213,1,0.0213703,421200000000,421400000000,14,100000000,200000000,913304405504
4235,26,0.021811,423400000000,423600000000,15,100000000,200000000,913304405504
4660,9,0.0581626,465900000000,466100000000,16,100000000,200000000,913304405504
5042,24,0.0156422,504100000000,504300000000,17,100000000,200000000,913304405504
5436,2,0.0817361,543500000000,543700000000,18,100000000,200000000,913304405504
5440,23,0.0677462,543900000000,544100000000,19,100000000,200000000,913304405504
6766,27,0.00793126,676500000000,676700000000,20,100000000,200000000,913304405504
6903,17,0.0150914,690200000000,690400000000,21,100000000,200000000,913304405504
7188,15,0.0571712,718700000000,718900000000,22,100000000,200000000,913304405504
7240,13,0.0405376,723900000000,724100000000,23,100000000,200000000,913304405504
7244,3,0.034479,724300000000,724500000000,24,100000000,200000000,913304405504
7410,19,0.0178453,740900000000,741100000000,25,100000000,200000000,913304405504
7641,8,0.0293016,764000000000,764200000000,26,100000000,200000000,913304405504
9125,10,0.0153117,912400000000,912600000000,27,100000000,200000000,913304405504
